datestring,tpa_unemp,daten,tpa_nonfarm,tpa_bp,tpa_tech,tpa_serv,tpa_aveweek_earn,tpa_avehour_earn,tpa_aveweek_hour,tpa_priv,fl_nonfarm
1/1/1990,5.1,1-Jan-90,852.5,2100,,711,,,,738,5313.9
2/1/1990,4.8,1-Feb-90,862.3,755,,720.2,,,,746.6,5372.1
3/1/1990,4.5,1-Mar-90,869.6,831,,727.7,,,,753.1,5426.9
4/1/1990,4.7,1-Apr-90,867.7,1654,,727,,,,750.7,5393.8
5/1/1990,4.7,1-May-90,868,951,,726.7,,,,750.6,5405.4
6/1/1990,4.9,1-Jun-90,867.8,1145,,726.1,,,,751.5,5397.1
7/1/1990,5.1,1-Jul-90,847.1,958,,707.4,,,,740.4,5279
8/1/1990,5.1,1-Aug-90,856.8,1026,,716.3,,,,745.1,5286.4
9/1/1990,5.4,1-Sep-90,862.7,902,,722.6,,,,744.5,5337.6
10/1/1990,5.1,1-Oct-90,860.3,656,,722.1,,,,741.2,5348.2
11/1/1990,5.6,1-Nov-90,867.5,669,,731,,,,747,5388.5
12/1/1990,5.4,1-Dec-90,869.9,1007,,734.6,,,,751.3,5410.4
1/1/1991,6.4,1-Jan-91,842.5,670,,712.9,,,,726,5281.6
2/1/1991,6.4,1-Feb-91,847.1,544,,718.4,,,,728.5,5302.8
3/1/1991,6.2,1-Mar-91,851.6,665,,723,,,,732.7,5335.2
4/1/1991,6.2,1-Apr-91,842.3,980,,715.4,,,,724.1,5296.5
5/1/1991,6.6,1-May-91,842.3,1099,,715.5,,,,723.7,5297.8
6/1/1991,6.9,1-Jun-91,836.4,854,,709,,,,720.7,5273.8
7/1/1991,6.8,1-Jul-91,818.4,1570,,692.5,,,,711,5172.4
8/1/1991,6.7,1-Aug-91,822.4,1011,,695.6,,,,714.7,5186.4
9/1/1991,6.8,1-Sep-91,831.9,859,,704.9,,,,714.7,5239.6
10/1/1991,6.7,1-Oct-91,836.5,852,,710.3,,,,717.3,5251.2
11/1/1991,6.8,1-Nov-91,845.6,625,,719.4,,,,725.7,5311.5
12/1/1991,6.8,1-Dec-91,850.7,1325,,725.1,,,,730.4,5336.8
1/1/1992,7.9,1-Jan-92,834.7,800,,712,,,,716.4,5256.3
2/1/1992,7.8,1-Feb-92,839,729,,716.5,,,,719.6,5291.6
3/1/1992,7.4,1-Mar-92,847,964,,723.5,,,,724.7,5369.5
4/1/1992,7.2,1-Apr-92,844.6,1022,,720.9,,,,724.9,5335.9
5/1/1992,7.3,1-May-92,847.5,1006,,723.3,,,,726.8,5342.2
6/1/1992,7.7,1-Jun-92,845.8,1037,,721.5,,,,726.5,5332.1
7/1/1992,7.5,1-Jul-92,830.5,969,,706,,,,718.7,5245.6
8/1/1992,7.4,1-Aug-92,828.4,967,,704.6,,,,718,5236.1
9/1/1992,7.3,1-Sep-92,843.7,803,,719.4,,,,720.7,5324.3
10/1/1992,6.7,1-Oct-92,846.2,891,,722,,,,724.4,5377
11/1/1992,6.9,1-Nov-92,859.5,781,,734.7,,,,733.6,5440.7
12/1/1992,6.5,1-Dec-92,863.4,958,,738.2,,,,739.4,5495
1/1/1993,7.5,1-Jan-93,848,1042,,721.7,,,,726.8,5412.9
2/1/1993,7.1,1-Feb-93,859.6,1218,,732.9,,,,735.1,5486
3/1/1993,6.7,1-Mar-93,866.4,950,,738.8,,,,742.1,5536
4/1/1993,6.7,1-Apr-93,870,900,,743,,,,746.3,5565.4
5/1/1993,6.7,1-May-93,872.2,1004,,744.8,,,,748.2,5558.4
6/1/1993,7.1,1-Jun-93,874.9,1124,,746.3,,,,752.2,5558.6
7/1/1993,6.8,1-Jul-93,863.8,1031,,734.1,,,,748.5,5470.6
8/1/1993,6.5,1-Aug-93,865.8,945,,736.4,,,,752,5469.7
9/1/1993,6.4,1-Sep-93,880.8,1083,,751.2,,,,756.6,5553.8
10/1/1993,6.1,1-Oct-93,887.4,924,,758.4,,,,760.9,5603.1
11/1/1993,5.9,1-Nov-93,897.5,1205,,768,,,,770.5,5656.6
12/1/1993,5.5,1-Dec-93,907.8,1033,,778.5,,,,780,5721
1/1/1994,6.4,1-Jan-94,896.6,1432,,767.9,,,,770.6,5635.3
2/1/1994,5.8,1-Feb-94,909,1173,,780.8,,,,780.6,5702.4
3/1/1994,5.7,1-Mar-94,917.9,1173,,789.7,,,,789.8,5765.6
4/1/1994,5.5,1-Apr-94,924.6,1220,,796.4,,,,795.6,5776.4
5/1/1994,5.3,1-May-94,926.5,1137,,798.1,,,,797.8,5779.1
6/1/1994,5.4,1-Jun-94,927.5,2126,,797.3,,,,799.9,5783.7
7/1/1994,5.3,1-Jul-94,914.2,832,,784.5,,,,793.9,5685.6
8/1/1994,5.2,1-Aug-94,913.3,1445,,782.8,,,,794.8,5690.7
9/1/1994,5,1-Sep-94,930.7,1278,,799.5,,,,798.7,5805.1
10/1/1994,4.7,1-Oct-94,936.4,1297,,805.4,,,,804.3,5813.4
11/1/1994,4.6,1-Nov-94,953.5,891,,822.5,,,,813.5,5924.2
12/1/1994,4.1,1-Dec-94,957.8,739,,825.4,,,,825.9,5956.7
1/1/1995,5,1-Jan-95,937.8,1796,,805.8,,,,808.6,5859
2/1/1995,4.2,1-Feb-95,950.8,643,,818.5,,,,818.7,5932.9
3/1/1995,4.2,1-Mar-95,959.8,1630,,826.1,,,,827.3,5996.1
4/1/1995,4.4,1-Apr-95,960.4,1032,,826.7,,,,828.4,5963.1
5/1/1995,4.3,1-May-95,962,1028,,828.2,,,,830.3,5977.8
6/1/1995,4.5,1-Jun-95,960.4,1652,,826.1,,,,829.7,5979.6
7/1/1995,4.6,1-Jul-95,940.8,975,,807.1,,,,818.6,5854.3
8/1/1995,4.5,1-Aug-95,944.7,1258,,809.8,,,,824,5869.4
9/1/1995,4.5,1-Sep-95,958.1,954,,822.3,,,,825.5,5986.4
10/1/1995,4.3,1-Oct-95,961.8,1097,,826.5,,,,829.1,6003
11/1/1995,4.3,1-Nov-95,976.8,902,,840.4,,,,843.5,6090.8
12/1/1995,4,1-Dec-95,986.8,729,,849.5,,,,852.6,6158.6
1/1/1996,4.7,1-Jan-96,961,1494,,824.9,,,,829.9,6032.1
2/1/1996,4.2,1-Feb-96,976,779,,838.5,,,,842.1,6108.1
3/1/1996,4,1-Mar-96,992,1632,,853.5,,,,852.7,6198
4/1/1996,3.9,1-Apr-96,978.2,873,,840.6,,,,845.9,6137.1
5/1/1996,4.1,1-May-96,980.4,1103,,841.5,,,,848.3,6156.6
6/1/1996,4.1,1-Jun-96,978.4,1643,,838.9,,,,847.9,6146.5
7/1/1996,4.3,1-Jul-96,965.4,996,,826.6,,,,842.1,6039.1
8/1/1996,3.9,1-Aug-96,968.5,1524,,828.7,,,,846.3,6067.6
9/1/1996,4,1-Sep-96,983.2,1164,,843.2,,,,849.3,6176
10/1/1996,3.7,1-Oct-96,991.8,1082,,850.7,,,,856.3,6206
11/1/1996,3.9,1-Nov-96,1004.2,779,,862.7,,,,868.6,6287.7
12/1/1996,3.5,1-Dec-96,1013.2,929,,870.4,,,,879,6354.6
1/1/1997,4.1,1-Jan-97,995,896,55.5,853.9,,,,862.8,6262.3
2/1/1997,3.8,1-Feb-97,1006.4,806,56.5,864.2,,,,872.2,6318.3
3/1/1997,3.7,1-Mar-97,1017.1,2148,56.8,874.1,,,,883.1,6377.8
4/1/1997,3.5,1-Apr-97,1023,1098,57.7,878.3,,,,889.3,6378.1
5/1/1997,3.6,1-May-97,1023.8,980,57.5,877.9,,,,890.8,6395.1
6/1/1997,3.9,1-Jun-97,1024.9,1761,57.9,877.6,,,,892.9,6389.4
7/1/1997,3.7,1-Jul-97,1018.8,1728,59,871.8,,,,895.1,6291.9
8/1/1997,3.6,1-Aug-97,1023.8,1384,59.6,876.2,,,,900.6,6315.9
9/1/1997,3.6,1-Sep-97,1038.9,2118,59.6,890.3,,,,905.6,6432.9
10/1/1997,3.3,1-Oct-97,1047.6,1735,58.9,899.8,,,,910.1,6458.9
11/1/1997,3.3,1-Nov-97,1057.7,739,60.2,909.5,,,,921.9,6521.5
12/1/1997,3.2,1-Dec-97,1067.3,1246,60.3,917.9,,,,930.8,6598.1
1/1/1998,3.8,1-Jan-98,1050.9,912,59.2,901.3,,,,916.3,6504.6
2/1/1998,3.4,1-Feb-98,1064.6,885,60.2,914,,,,928.7,6564.2
3/1/1998,3.4,1-Mar-98,1069.2,1521,60.2,918.7,,,,933,6614.3
4/1/1998,3,1-Apr-98,1066.2,1374,60.3,917.5,,,,930.9,6584.1
5/1/1998,3.1,1-May-98,1070.2,1824,60.5,920.9,,,,935.4,6594.2
6/1/1998,3.4,1-Jun-98,1074,1979,61,923.6,,,,940.4,6604
7/1/1998,3.3,1-Jul-98,1055.4,1409,61.7,906,,,,929.8,6504
8/1/1998,3.2,1-Aug-98,1056,1642,61.8,906.3,,,,931.9,6506.9
9/1/1998,3.2,1-Sep-98,1067.6,1309,61.8,917.9,,,,932,6616
10/1/1998,3,1-Oct-98,1079.4,1953,62.8,929.4,,,,942,6676.8
11/1/1998,2.9,1-Nov-98,1090,1561,63.6,939.5,,,,951.4,6744.1
12/1/1998,2.6,1-Dec-98,1098.3,2138,63.8,947.3,,,,959.9,6817.8
1/1/1999,3.1,1-Jan-99,1074.6,1671,64.3,925.4,,,,940.9,6678.4
2/1/1999,3,1-Feb-99,1092.3,2018,65.7,941.7,,,,955.7,6757.8
3/1/1999,2.8,1-Mar-99,1102.6,1358,66.4,951.5,,,,965.8,6810.7
4/1/1999,2.8,1-Apr-99,1102.1,1721,66.5,951.5,,,,966.5,6794.1
5/1/1999,2.7,1-May-99,1106.3,1143,65.7,954.7,,,,970.8,6801.1
6/1/1999,2.9,1-Jun-99,1110.3,2694,66.7,957.2,,,,975.8,6814.7
7/1/1999,3,1-Jul-99,1087.7,1923,65.7,935,,,,961.8,6680.8
8/1/1999,3,1-Aug-99,1088,3083,66,935.2,,,,963.5,6691.4
9/1/1999,2.9,1-Sep-99,1100.1,1773,66,947.6,,,,963.9,6791.2
10/1/1999,2.8,1-Oct-99,1112.3,2118,65.7,959,,,,974.2,6847.9
11/1/1999,2.9,1-Nov-99,1124.2,1272,66.2,970.4,,,,982.7,6930.3
12/1/1999,2.6,1-Dec-99,1134.4,2095,67,979.5,,,,992.5,7013.2
1/1/2000,3.5,1-Jan-00,1124.3,1394,67.3,969.7,,,,982.5,6904.1
2/1/2000,3.3,1-Feb-00,1139.1,1605,68.2,982.8,,,,996.7,6966.4
3/1/2000,3.2,1-Mar-00,1158,1295,69.1,999.5,,,,1014.8,7045.9
4/1/2000,3,1-Apr-00,1154.5,1454,69.7,997,,,,1009.6,7029.9
5/1/2000,3.3,1-May-00,1158.9,1408,69.1,1000.5,,,,1011.6,7063.7
6/1/2000,3.7,1-Jun-00,1146.2,2044,70.8,985.1,,,,1013,7014
7/1/2000,3.7,1-Jul-00,1129.8,1123,71.4,970.6,,,,998,6948
8/1/2000,3.7,1-Aug-00,1143.7,1391,71.8,983.9,,,,1002.4,7054.1
9/1/2000,3.5,1-Sep-00,1148.9,2037,72.2,988.6,,,,1004.8,7089.2
10/1/2000,3.2,1-Oct-00,1146.4,1249,71,988.6,,,,1000.4,7102.4
11/1/2000,3.3,1-Nov-00,1158.3,1815,72.1,999.9,,,,1010.5,7181.1
12/1/2000,3.1,1-Dec-00,1165.1,2134,73.4,1007,,,,1017.2,7246.4
1/1/2001,3.8,1-Jan-01,1126,1411,71.1,973.1,,,,980.3,7082.3
2/1/2001,3.6,1-Feb-01,1139,1279,71.9,985.9,,,,991.5,7153.8
3/1/2001,3.8,1-Mar-01,1148.8,2634,72.2,995.3,,,,1000.5,7215.8
4/1/2001,3.9,1-Apr-01,1143.8,1731,71.9,991,,,,995.7,7180.2
5/1/2001,3.9,1-May-01,1143.9,2236,70.5,990.8,,,,995.1,7184.6
6/1/2001,4.4,1-Jun-01,1133.2,1817,71.1,979.5,,,,995.4,7120.8
7/1/2001,4.3,1-Jul-01,1119.7,2070,69.5,966.6,,,,983.5,7031.4
8/1/2001,4.7,1-Aug-01,1132.9,1683,69.2,979.5,,,,986,7132.3
9/1/2001,4.5,1-Sep-01,1130.9,1453,68.5,978.4,,,,982.8,7133.1
10/1/2001,5.6,1-Oct-01,1133.2,1238,68.9,981.5,,,,983.5,7123.9
11/1/2001,5.9,1-Nov-01,1140.6,1644,69.2,988.4,,,,990.9,7172.1
12/1/2001,5.7,1-Dec-01,1145.7,1977,69.3,993.6,,,,995,7213.2
1/1/2002,6.2,1-Jan-02,1118.5,2759,68.9,969.2,,,,971.5,7074.3
2/1/2002,5.8,1-Feb-02,1130.9,1630,69.4,981.7,,,,982.1,7130.4
3/1/2002,5.7,1-Mar-02,1138,1680,69.6,988.7,,,,988.9,7192.1
4/1/2002,5.7,1-Apr-02,1136,1940,69.4,986.9,,,,986.9,7171.4
5/1/2002,5.6,1-May-02,1136.9,1853,67.9,987.4,,,,988.8,7183.1
6/1/2002,6,1-Jun-02,1120.4,1885,68.1,970,,,,983.9,7101.5
7/1/2002,6,1-Jul-02,1109.7,2423,67.4,959.6,,,,974.5,7021.9
8/1/2002,5.9,1-Aug-02,1122.6,3032,67.4,971.2,,,,976.3,7127.9
9/1/2002,5.6,1-Sep-02,1123.5,1300,67.1,971.6,,,,975.5,7139.6
10/1/2002,5.5,1-Oct-02,1126.2,2069,68.1,974.3,,,,976.6,7169
11/1/2002,5.7,1-Nov-02,1139,1402,68.6,986.9,,,,988.4,7237.6
12/1/2002,5.5,1-Dec-02,1145.1,1491,69.3,993.4,,,,993.4,7295.6
1/1/2003,5.8,1-Jan-03,1118.7,1991,68.5,970.7,,,,971.4,7161.7
2/1/2003,5.5,1-Feb-03,1127.6,2248,69.1,978.7,,,,978.3,7217.3
3/1/2003,5.3,1-Mar-03,1137.6,3243,69.1,988.8,,,,988.5,7272.7
4/1/2003,5.2,1-Apr-03,1133.9,2090,68.7,985.6,,,,985.9,7247.4
5/1/2003,5.4,1-May-03,1133.1,2919,67.4,984.1,,,,984.7,7251.7
6/1/2003,6,1-Jun-03,1119.9,2261,67.7,970.3,,,,983.4,7169.4
7/1/2003,5.7,1-Jul-03,1110.7,1873,66.8,962.4,,,,975.2,7101.8
8/1/2003,5.7,1-Aug-03,1123.8,2734,66.9,974.6,,,,977.8,7201.8
9/1/2003,5.4,1-Sep-03,1126.9,2463,67.1,977.8,,,,979.5,7222.7
10/1/2003,5,1-Oct-03,1133.6,2794,67.7,984.7,,,,984.8,7268
11/1/2003,5.1,1-Nov-03,1138.1,1633,67.6,989.3,,,,989.2,7315.9
12/1/2003,4.6,1-Dec-03,1146.4,2049,68.6,996.4,,,,998,7387.9
1/1/2004,5.1,1-Jan-04,1137.8,1918,69.7,988.1,,,,991.6,7316.5
2/1/2004,4.7,1-Feb-04,1151.2,2353,70.3,1000.2,,,,1002,7389.1
3/1/2004,4.8,1-Mar-04,1163.1,2306,70.6,1010.1,,,,1014.3,7455.1
4/1/2004,4.5,1-Apr-04,1171.6,2482,71.1,1016.2,,,,1022.6,7491.6
5/1/2004,4.6,1-May-04,1173.2,3199,70.2,1017.4,,,,1023.8,7496.2
6/1/2004,5,1-Jun-04,1163.4,2351,70.7,1006.6,,,,1025.9,7428.6
7/1/2004,5,1-Jul-04,1156,2612,70,998.8,,,,1019.2,7390
8/1/2004,4.8,1-Aug-04,1167.8,2219,70.1,1009.9,,,,1020.5,7477.1
9/1/2004,4.6,1-Sep-04,1169,2218,70.2,1010.3,,,,1020.3,7455
10/1/2004,4.5,1-Oct-04,1181.3,2811,71.8,1020.3,,,,1031,7538.9
11/1/2004,4.5,1-Nov-04,1192.9,2662,73.1,1031.8,,,,1042,7640.8
12/1/2004,4.3,1-Dec-04,1201.7,1915,74.6,1039.8,,,,1050.8,7720.4
1/1/2005,4.6,1-Jan-05,1185.7,2445,74.7,1025.5,,,,1037.2,7605.1
2/1/2005,4.5,1-Feb-05,1199.8,3193,76,1038.1,,,,1048.7,7688.7
3/1/2005,4.1,1-Mar-05,1206.2,2601,75.9,1043.4,,,,1055.9,7735.3
4/1/2005,3.8,1-Apr-05,1211.4,3058,77.3,1047.6,,,,1061.9,7778.3
5/1/2005,3.8,1-May-05,1213.6,3099,75.8,1048.6,,,,1063.7,7796.2
6/1/2005,4.1,1-Jun-05,1200,3441,76.4,1033.8,,,,1061.9,7702
7/1/2005,4.1,1-Jul-05,1194.7,2930,76.8,1026.8,,,,1057.4,7681.5
8/1/2005,3.9,1-Aug-05,1207.2,3112,77.4,1038.6,,,,1059.4,7798
9/1/2005,3.9,1-Sep-05,1212.2,2741,78.3,1042.7,,,,1062.4,7843.5
10/1/2005,3.6,1-Oct-05,1211.3,2412,78.8,1041.5,,,,1060.2,7850.2
11/1/2005,3.8,1-Nov-05,1220.9,2123,79.7,1049.8,,,,1069.4,7924.6
12/1/2005,3.3,1-Dec-05,1228.5,2048,81.3,1056.9,,,,1077.8,7997.8
1/1/2006,3.5,1-Jan-06,1212.2,2341,80.3,1041.9,,,,1062.6,7865.2
2/1/2006,3.4,1-Feb-06,1221.9,2691,81.5,1050.4,,,,1071.5,7940.6
3/1/2006,3.1,1-Mar-06,1237.9,2563,81.9,1064.6,,,,1087.6,8021
4/1/2006,3.1,1-Apr-06,1236.2,2106,82.1,1062.7,,,,1085.4,8001.4
5/1/2006,3.3,1-May-06,1238.7,2612,80.7,1064.2,,,,1088.4,8019.1
6/1/2006,3.6,1-Jun-06,1228,2098,81.3,1052.5,,,,1089.5,7934.1
7/1/2006,3.8,1-Jul-06,1216.6,1860,80.9,1042.9,,,,1079.2,7860.8
8/1/2006,3.8,1-Aug-06,1233.6,1532,81.4,1059.1,,,,1084.4,7977.1
9/1/2006,3.6,1-Sep-06,1236.5,1098,81.7,1062.6,,,,1084.4,7993.4
10/1/2006,3.4,1-Oct-06,1233.5,1801,81.5,1061,,,,1079.7,7995.6
11/1/2006,3.6,1-Nov-06,1241.3,1068,82.3,1069.8,,,,1087.8,8079
12/1/2006,3.5,1-Dec-06,1249.8,791,84,1078.5,,,,1096.9,8135.9
1/1/2007,4,1-Jan-07,1228.6,1435,83.2,1059.6,774.3,22.25,34.8,1076.3,7994
2/1/2007,3.8,1-Feb-07,1237,756,84.2,1067.8,793.96,22.62,35.1,1083.6,8061.3
3/1/2007,3.6,1-Mar-07,1248.6,1589,85.1,1078.7,755.66,21.84,34.6,1094.5,8125.6
4/1/2007,3.6,1-Apr-07,1243.1,1011,85,1076.8,803.64,21.72,37,1089.3,8077.4
5/1/2007,3.8,1-May-07,1239.8,1154,83.4,1073.5,772.69,22.14,34.9,1087.6,8071.9
6/1/2007,4.4,1-Jun-07,1230.5,1071,84.3,1064.1,772.8,22.08,35,1088.2,7963.6
7/1/2007,4.7,1-Jul-07,1212.7,737,83.2,1049.8,812.77,23.09,35.2,1071.4,7854.6
8/1/2007,4.7,1-Aug-07,1225.3,1043,83.7,1063.2,789.75,22.5,35.1,1074.1,7953.2
9/1/2007,4.8,1-Sep-07,1222.1,903,83.1,1060.9,796.22,22.62,35.2,1068,7940.4
10/1/2007,4.8,1-Oct-07,1219.9,988,83.7,1061.4,769.16,22.23,34.6,1064.5,7929.7
11/1/2007,4.9,1-Nov-07,1227.8,750,84,1070.6,775.97,21.92,35.4,1072.4,8002.5
12/1/2007,5.1,1-Dec-07,1232.3,887,85.8,1075.5,766.06,21.95,34.9,1077.3,8035.5
1/1/2008,5.5,1-Jan-08,1207,851,86.2,1053.6,711.83,20.28,35.1,1053.6,7853.2
2/1/2008,5.4,1-Feb-08,1214.9,632,87.2,1060.8,736.74,20.93,35.2,1059.1,7909.9
3/1/2008,5.5,1-Mar-08,1219.6,428,88,1065.7,744.82,21.04,35.4,1064.4,7931.3
4/1/2008,5.4,1-Apr-08,1206.3,712,85.8,1054.9,749.76,21.3,35.2,1051.5,7847.6
5/1/2008,6.1,1-May-08,1201.2,956,84,1050.1,740.26,21.09,35.1,1048,7816.4
6/1/2008,6.6,1-Jun-08,1185.3,939,84.5,1034.2,778.57,21.87,35.6,1042.6,7675.1
7/1/2008,7.2,1-Jul-08,1168.1,570,83.3,1019.6,772.56,21.58,35.8,1026.7,7564.9
8/1/2008,7.6,1-Aug-08,1178.5,1189,83.5,1031.2,758.16,21.6,35.1,1026,7638.9
9/1/2008,7.6,1-Sep-08,1173.5,858,83.4,1028,754.69,21.44,35.2,1017.8,7610.7
10/1/2008,7.9,1-Oct-08,1168.1,694,83.1,1025.7,754.12,21.67,34.8,1011.7,7582.2
11/1/2008,8.3,1-Nov-08,1167.4,699,84.2,1027.5,781.09,22.19,35.2,1010.4,7589.6
12/1/2008,8.9,1-Dec-08,1169.2,564,85.8,1031.7,750.14,21.87,34.3,1011.2,7588.7
1/1/2009,10,1-Jan-09,1139.2,637,84.7,1008,775.73,22.42,34.6,983.6,7379.7
2/1/2009,10.4,1-Feb-09,1139.7,279,84.4,1010.3,751.84,21.42,35.1,981.6,7380.2
3/1/2009,10.6,1-Mar-09,1140.1,821,83.8,1012.5,763,21.8,35,982.7,7375
4/1/2009,10.4,1-Apr-09,1132.7,346,82.5,1007.3,753.34,21.71,34.7,974.3,7326.9
5/1/2009,10.6,1-May-09,1125.3,326,79.9,1001.3,783.85,22.46,34.9,969.7,7287.4
6/1/2009,11.1,1-Jun-09,1109.4,575,80.2,986.1,761.6,21.76,35,963.9,7154.9
7/1/2009,11.3,1-Jul-09,1095.6,472,78.3,974.9,768.38,22.08,34.8,950.9,7065.7
8/1/2009,11.4,1-Aug-09,1104.9,491,78.9,985.1,785.31,22.31,35.2,950.6,7132.6
9/1/2009,11.4,1-Sep-09,1103,524,79,984.5,750.26,21.81,34.4,947.7,7127.8
10/1/2009,11.5,1-Oct-09,1104,434,79.1,987.1,751.3,21.84,34.4,947.6,7152.8
11/1/2009,11.5,1-Nov-09,1107.1,1074,80.2,991.7,782.73,22.3,35.1,950.9,7206.8
12/1/2009,11.7,1-Dec-09,1109.7,1054,80.7,995.6,764.4,21.84,35,954.1,7226.2
1/1/2010,11.7,1-Jan-10,1089.8,634,81.6,979.1,767.8,22,34.9,935.3,7096.4
2/1/2010,11.3,1-Feb-10,1098.8,422,82,988.1,767.2,21.92,35,941.4,7148.2
3/1/2010,11.1,1-Mar-10,1107.2,718,82.5,996.4,777,22.2,35,950.2,7195.5
4/1/2010,10.7,1-Apr-10,1106.9,535,81.4,996.5,777.38,21.96,35.4,950.5,7215.2
5/1/2010,10.6,1-May-10,1113.1,437,80,1001.5,776.48,21.75,35.7,951.8,7239.1
6/1/2010,11,1-Jun-10,1100.3,416,80.8,988.6,758.16,21.6,35.1,952.3,7117.5
7/1/2010,11.3,1-Jul-10,1093,405,80,981,752.3,21.68,34.7,946.4,7060.4
8/1/2010,11.4,1-Aug-10,1103.5,436,80.5,991.6,769.89,21.81,35.3,949.6,7145.2
9/1/2010,11,1-Sep-10,1102.2,490,80.4,991.2,770.7,22.02,35,946.5,7135.9
10/1/2010,10.9,1-Oct-10,1113.7,434,81.1,1002.9,764.44,22.03,34.7,957.3,7199.5
11/1/2010,11.2,1-Nov-10,1118.9,501,82.3,1008.5,770.47,22.14,34.8,962.2,7260.2
12/1/2010,10.7,1-Dec-10,1123.7,1071,83.3,1013.5,767.69,22.06,34.8,968.5,7289.2
1/1/2011,10.9,1-Jan-11,1106.5,472,83,998.1,795.37,22.66,35.1,951.6,7175.7
2/1/2011,10.5,1-Feb-11,1115.2,529,83.7,1006.2,784.55,22.48,34.9,957.8,7227.1
3/1/2011,10.2,1-Mar-11,1123.3,468,83.6,1013.1,777.11,22.14,35.1,966.2,7274
4/1/2011,9.8,1-Apr-11,1127,381,83.6,1016,775.71,22.1,35.1,970.7,7311.1
5/1/2011,10,1-May-11,1123.2,389,81.4,1011.6,783.66,22.2,35.3,968.7,7280.9
6/1/2011,10.4,1-Jun-11,1110.5,820,81.3,998.6,761.2,22,34.6,966.2,7166.9
7/1/2011,10.5,1-Jul-11,1107.5,865,82.3,995.1,766.4,21.96,34.9,964.9,7129.1
8/1/2011,10.1,1-Aug-11,1121.5,458,82.6,1009.2,763.83,22.14,34.5,969.7,7214.6
9/1/2011,9.7,1-Sep-11,1128.5,648,81.9,1015.4,764.89,22.3,34.3,973.3,7242.2
10/1/2011,9.4,1-Oct-11,1132.2,386,82.7,1019.6,777.47,22.15,35.1,976.8,7283.8
11/1/2011,9,1-Nov-11,1139.8,493,83.8,1027.3,766.04,22.14,34.6,984.8,7359.7
12/1/2011,8.9,1-Dec-11,1145.2,391,84.7,1032.6,769.08,22.1,34.8,990.1,7392.9
1/1/2012,9,1-Jan-12,1132.1,522,84.3,1021.4,774.87,22.46,34.5,977.5,7285.4
2/1/2012,8.7,1-Feb-12,1140.7,437,85.9,1028.9,759.21,22.07,34.4,985.6,7348.2
3/1/2012,8.3,1-Mar-12,1148.3,994,86.1,1035.7,767.46,22.31,34.4,993.5,7408.3
4/1/2012,8,1-Apr-12,1153,434,86.7,1040.1,782.3,22.48,34.8,997.3,7427.4
5/1/2012,8.2,1-May-12,1152,550,85.9,1038.2,754.97,22.14,34.1,997.3,7417.5
6/1/2012,8.6,1-Jun-12,1139.9,1242,86,1025.1,751.74,22.11,34,995.8,7323.2
7/1/2012,8.7,1-Jul-12,1132.2,1050,86.1,1017.9,767.81,22.32,34.4,989.4,7268.9
8/1/2012,8.4,1-Aug-12,1146.6,1020,86.6,1031.5,756.5,22.12,34.2,995.7,7366.7
9/1/2012,7.9,1-Sep-12,1147,1554,86,1032.7,757.18,22.27,34,994.2,7383.1
10/1/2012,7.7,1-Oct-12,1155.1,594,87.8,1040.4,755.29,22.28,33.9,1001.9,7455.5
11/1/2012,7.5,1-Nov-12,1165.8,1138,89.3,1050.7,749.66,21.92,34.2,1011.6,7544.2
12/1/2012,7.5,1-Dec-12,1172.1,526,90,1056.9,769.5,22.24,34.6,1018.3,7569.1
1/1/2013,8,1-Jan-13,1154.9,1456,89,1042.2,767.45,22.44,34.2,1000.6,7446.3
2/1/2013,7.4,1-Feb-13,1165.4,1075,90.9,1051.9,765.4,22.25,34.4,1009.9,7523.4
3/1/2013,6.9,1-Mar-13,1173.9,1136,91.2,1059.2,771.58,22.3,34.6,1018.5,7577.1
4/1/2013,6.7,1-Apr-13,1177.3,1186,91,1061.1,770.56,22.4,34.4,1021.9,7587.2
5/1/2013,6.8,1-May-13,1178.6,1652,90.8,1061.9,772.62,22.33,34.6,1025.1,7589.1
6/1/2013,7.2,1-Jun-13,1166.5,898,90.3,1048.9,784.04,22.53,34.8,1023.4,7497.9
7/1/2013,7.1,1-Jul-13,1162.7,660,90.7,1045.1,767.25,22.5,34.1,1020.8,7461.9
8/1/2013,6.9,1-Aug-13,1176.8,772,90.7,1058.4,771.89,22.57,34.2,1025.9,7569.7
9/1/2013,6.6,1-Sep-13,1177,502,89.7,1058.5,789.23,22.81,34.6,1024.3,7582.8
10/1/2013,6.5,1-Oct-13,1185.6,1092,91,1066.4,784.1,22.86,34.3,1030.9,7650.9
11/1/2013,6.3,1-Nov-13,1198.5,1021,91.7,1078.3,779.85,22.67,34.4,1043.5,7754.9
12/1/2013,6,1-Dec-13,1200.7,498,92.4,1080.8,792.4,22.77,34.8,1046.3,7785.1
1/1/2014,6.5,1-Jan-14,1181.7,887,91.8,1064,778.95,22.71,34.3,1028.8,7665.3
2/1/2014,6.3,1-Feb-14,1190.3,1493,92.9,1071.4,792.93,22.72,34.9,1036.9,7738.4
3/1/2014,6.2,1-Mar-14,1200.4,646,92.3,1080.4,785.42,22.7,34.6,1044.7,7794.6
4/1/2014,5.8,1-Apr-14,1207.9,1117,92.7,1086.8,787.15,22.75,34.6,1051.9,7824
5/1/2014,6,1-May-14,1210.9,892,92.3,1088.3,781.43,22.65,34.5,1055.4,7830.8
6/1/2014,6.1,1-Jun-14,1198.8,1140,92.6,1075.4,795.02,22.78,34.9,1054.2,7731.6
7/1/2014,6.3,1-Jul-14,1195.2,1208,93.5,1071.9,789.02,22.87,34.5,1051.9,7702.4
8/1/2014,6.2,1-Aug-14,1209.7,739,94,1085.8,794.76,22.97,34.6,1058.6,7814.6
9/1/2014,5.9,1-Sep-14,1211.6,794,93,1087.8,787.84,22.77,34.6,1058,7833.3
10/1/2014,5.7,1-Oct-14,1221.7,1004,95.2,1097.6,793.03,22.92,34.6,1066.3,7921.5
11/1/2014,5.8,1-Nov-14,1234.3,571,97.1,1110.5,809.41,23.06,35.1,1079.1,8017.5
12/1/2014,5.4,1-Dec-14,1239.3,1032,97.7,1115.4,791.16,22.8,34.7,1084,8060.7
1/1/2015,5.9,1-Jan-15,1222.1,905,98.8,1099.7,790.17,22.97,34.4,1068.3,7943.1
2/1/2015,5.4,1-Feb-15,1234.1,1599,100.4,1110.9,809.41,23.06,35.1,1078.5,8016.5
3/1/2015,5.2,1-Mar-15,1241.6,1039,100,1117.2,798.51,22.88,34.9,1086.3,8068
4/1/2015,5.1,1-Apr-15,1246.6,1274,99.4,1121.5,786.16,22.92,34.3,1090.6,8094.7
5/1/2015,5.4,1-May-15,1248.6,1351,99.2,1122.5,787.5,22.76,34.6,1093.5,8100.9
6/1/2015,5.5,1-Jun-15,1238.5,1501,98.9,1111,785.92,22.98,34.2,1094.1,8008.2
7/1/2015,5.5,1-Jul-15,1235.8,1012,100.3,1107.8,793.26,23.06,34.4,1092.1,7987.1
8/1/2015,5.3,1-Aug-15,1248.8,939,100.5,1120,805.97,23.16,34.8,1096.8,8092.5
9/1/2015,5,1-Sep-15,1251.3,1074,99.7,1122,791.73,23.15,34.2,1097.7,8109.3
10/1/2015,5,1-Oct-15,1269.8,1377,101.1,1139.1,801.78,23.24,34.5,1112.6,8224.5
11/1/2015,4.9,1-Nov-15,1285.4,962,102.3,1153.9,823.99,23.61,34.9,1127.6,8321.4
12/1/2015,4.7,1-Dec-15,1288.1,1331,103.1,1156.9,823.88,23.95,34.4,1132.1,8362.8
1/1/2016,4.9,1-Jan-16,1270.3,1773,102.7,1140.3,817.25,23.62,34.6,1114.1,8238.8
2/1/2016,4.5,1-Feb-16,1281.3,1889,103.4,1149.9,826.94,23.9,34.6,1123.2,8315.1
3/1/2016,4.5,1-Mar-16,1287.3,1333,103.6,1154.5,832.13,24.05,34.6,1129.8,8361
4/1/2016,4.4,1-Apr-16,1297.8,1678,104,1163.5,824.55,23.9,34.5,1139.5,8397.5
5/1/2016,4.3,1-May-16,1295.4,1216,103.5,1160.2,840.42,24.36,34.5,1138.3,8386.6
6/1/2016,4.8,1-Jun-16,1280.6,1684,103.2,1144.8,824.84,24.26,34,1134.3,8274
7/1/2016,4.8,1-Jul-16,1281,951,104.1,1144.7,825.22,24.2,34.1,1135.5,8275.1
8/1/2016,4.8,1-Aug-16,1292.1,1323,103.8,1155.6,822.62,24.41,33.7,1138.7,8371.4
9/1/2016,4.7,1-Sep-16,1298.1,1210,103.3,1160.8,813.94,24.01,33.9,1141.4,8408.6
10/1/2016,4.5,1-Oct-16,1310,1907,104.6,1171.6,846.24,24.6,34.4,1150.9,8467.9
11/1/2016,4.4,1-Nov-16,1320.8,1280,105.3,1182.6,834.43,24.47,34.1,1161.4,8567.4
12/1/2016,4.3,1-Dec-16,1324.6,878,105.3,1186,841.32,24.6,34.2,1165.5,8596
1/1/2017,4.7,1-Jan-17,1307.8,1643,104.7,1170.9,856.9,24.91,34.4,1150,8488
2/1/2017,4.3,1-Feb-17,1315.5,943,105.3,1177.3,858.97,24.97,34.4,1155.2,8550.5
3/1/2017,4,1-Mar-17,1320.2,1808,105.3,1181,846.11,24.74,34.2,1160.5,8590.9
4/1/2017,3.8,1-Apr-17,1322.2,1734,105.5,1182.9,868.81,25.11,34.6,1162.8,8593.5
5/1/2017,3.9,1-May-17,1320.3,2149,105.2,1180.6,857.84,25.01,34.3,1162.9,8594.4
6/1/2017,4.2,1-Jun-17,1311.8,1496,105.5,1170.3,853.12,24.8,34.4,1163.3,8492.9
7/1/2017,4.2,1-Jul-17,1305.7,1217,106.3,1164.6,884.16,25.48,34.7,1160.5,8455.5
8/1/2017,4.2,1-Aug-17,1319.5,1465,106.6,1177.4,879.75,25.5,34.5,1166.1,8549.9
9/1/2017,3.8,1-Sep-17,1302.3,1223,105.1,1163.9,874.5,26.42,33.1,1145.7,8390.6
10/1/2017,3.7,1-Oct-17,1333.9,1973,108.1,1191.6,906.5,25.68,35.3,1174.9,8637.1
11/1/2017,3.8,1-Nov-17,1349.3,1027,109.3,1206.8,903.76,25.97,34.8,1190.3,8746.1
12/1/2017,3.7,1-Dec-17,1349.9,1502,109.8,1207.2,922.06,26.42,34.9,1191,8775.1
1/1/2018,4,1-Jan-18,1331.1,1634,109.3,1189.7,900.03,26.24,34.3,1174,8656
2/1/2018,3.7,1-Feb-18,1343.5,1291,110.9,1200.2,914.89,26.29,34.8,1184.2,8736.1
3/1/2018,3.5,1-Mar-18,1348.6,1123,110.8,1204.3,910,26,35,1189.6,8777.2
4/1/2018,3.3,1-Apr-18,1350.5,1597,111,1205.7,936.32,26.6,35.2,1191.5,8780.3
5/1/2018,3.3,1-May-18,1348.4,1709,110.7,1203.8,922.9,26.52,34.8,1191.9,8773.6
6/1/2018,3.8,1-Jun-18,1338.8,1331,110.7,1192.9,931.55,26.54,35.1,1190.8,8676.4
7/1/2018,3.7,1-Jul-18,1333.7,1836,111.4,1187.7,933.66,26.6,35.1,1187.9,8646.2
8/1/2018,3.5,1-Aug-18,1352.4,1662,111.7,1205.8,929.61,26.79,34.7,1198.9,8769.1
9/1/2018,3.2,1-Sep-18,1354.2,1069,111.1,1207.5,940.43,27.18,34.6,1196.9,8780
10/1/2018,3.2,1-Oct-18,1364.9,1591,112.8,1217.6,915.98,27.1,33.8,1205.6,8860.3
11/1/2018,3.2,1-Nov-18,1378.4,1572,113.4,1230.5,908.86,26.81,33.9,1218.2,8964.5
12/1/2018,3.2,1-Dec-18,1380.1,1143,113.8,1231.8,921.4,27.1,34,1220.8,8975.3
1/1/2019,3.9,1-Jan-19,1366.3,2244,113.9,1218.9,924.12,27.18,34,1208.3,8863.2
2/1/2019,3.5,1-Feb-19,1378.3,1929,115.2,1229.8,938.74,27.61,34,1218.2,8941.1
3/1/2019,3.3,1-Mar-19,1380.5,1594,114.7,1231.4,918.61,26.86,34.2,1220.5,8965.4
4/1/2019,2.9,1-Apr-19,1381.7,2117,115.5,1232.9,929.9,27.19,34.2,1222.1,8964.2
5/1/2019,3.1,1-May-19,1382.4,1676,114.6,1232.7,916.27,26.87,34.1,1224.5,8950.3
6/1/2019,3.5,1-Jun-19,1369.9,1708,114.5,1219.8,934.26,27.08,34.5,1220.7,8838.6
7/1/2019,3.4,1-Jul-19,1368.7,1592,115.8,1218.3,917.33,27.06,33.9,1221.5,8821.7
8/1/2019,3.5,1-Aug-19,1383,2248,116.4,1232.2,928.54,27.23,34.1,1228.6,8937
9/1/2019,2.9,1-Sep-19,1385.2,2649,115.7,1233.8,932.96,27.2,34.3,1227.5,8923.1
10/1/2019,2.9,1-Oct-19,1399.2,2481,119.1,1245.9,924.8,27.2,34,1239.6,9010
11/1/2019,2.7,1-Nov-19,1409,1246,118.6,1255.6,928.19,27.14,34.2,1247.8,9088.4
12/1/2019,2.6,1-Dec-19,1412.4,1998,118.6,1258.8,946.21,27.19,34.8,1251.6,9128.3
1/1/2020,3.1,1-Jan-20,1401.5,1466,122.5,1248.8,939.48,27.39,34.3,1242,9050.4
2/1/2020,3,1-Feb-20,1414.5,1774,122.8,1261.2,961.15,27.54,34.9,1251.7,9106.5
